alpha,lambda
224.99405648488082,58.18692297162051
